"scientific.name","common.name","iconic.taxon.name","groups","observed.on","place.guess","latitude","longitude","positional.accuracy","user.login","user.id","captive.cultivated","url","image.url","license","preserve","polygonloc","count","checklist"
"Rhamnus cathartica","common buckthorn","Plantae","Plants",2026-09-19,"Back Rd, Harborside, ME, US",44.3547833333,-68.8077466667,2,"nfisichelli",255732,"false","https://www.inaturalist.org/observations/401823002","https://inaturalist-open-data.s3.amazonaws.com/photos/737567012/medium.jpg","CC-BY-NC","Witherle Woods Preserve","buffer",NA,NA
"Rhamnus cathartica","common buckthorn","Plantae","Plants",2026-09-19,"Back Rd, Harborside, ME, US",44.3547833333,-68.8077466667,2,"nfisichelli",255732,"false","https://www.inaturalist.org/observations/401823002","https://inaturalist-open-data.s3.amazonaws.com/photos/737567012/medium.jpg","CC-BY-NC","Ram Island","buffer",NA,NA
"Verbascum thapsus","great mullein","Plantae","Plants",2026-09-19,"Pembroke, ME, US",44.9649040572,-67.1763102843,16,"jedisoctomah",8676286,"false","https://www.inaturalist.org/observations/401672883","https://static.inaturalist.org/photos/737262860/medium.jpg","","Sipp Brook Preserve","buffer",NA,NA
"Verbascum thapsus","great mullein","Plantae","Plants",2026-09-19,"Pembroke, ME, US",44.9649040572,-67.1763102843,16,"jedisoctomah",8676286,"false","https://www.inaturalist.org/observations/401672883","https://static.inaturalist.org/photos/737262860/medium.jpg","","Sipp Brook Preserve","buffer",NA,NA
"Impatiens glandulifera","himalayan balsam","Plantae","Plants",2026-09-19,"Lighthouse Rd, Owls Head, ME, US",44.0921827878,-69.0441425243,6,"zoe_james1",7303010,"false","https://www.inaturalist.org/observations/401655376","https://static.inaturalist.org/photos/737229401/medium.jpg","","Monroe Island","buffer",NA,NA
"Impatiens glandulifera","himalayan balsam","Plantae","Plants",2026-09-19,"Lighthouse Rd, Owls Head, ME, US",44.0921827878,-69.0441425243,6,"zoe_james1",7303010,"false","https://www.inaturalist.org/observations/401655376","https://static.inaturalist.org/photos/737229401/medium.jpg","","Sheep Island","buffer",NA,NA
"Impatiens glandulifera","himalayan balsam","Plantae","Plants",2026-09-19,"Lighthouse Rd, Owls Head, ME, US",44.0921827878,-69.0441425243,6,"zoe_james1",7303010,"false","https://www.inaturalist.org/observations/401655376","https://static.inaturalist.org/photos/737229401/medium.jpg","","Sheep Island","buffer",NA,NA
"Digitalis purpurea","purple foxglove","Plantae","Plants",2026-09-19,"Underwood Rd, Falmouth, ME, US",43.7397001903,-70.208443626,6,"anen0me",10441934,"false","https://www.inaturalist.org/observations/401582253","https://inaturalist-open-data.s3.amazonaws.com/photos/737089438/medium.jpg","CC-BY-NC","Clapboard Island Preserve","buffer",NA,NA
"Euonymus alatus","winged euonymus","Plantae","Plants",2026-09-19,"Underwood Rd, Falmouth, ME, US",43.7397791969,-70.2086259715,6,"anen0me",10441934,"false","https://www.inaturalist.org/observations/401581747","https://inaturalist-open-data.s3.amazonaws.com/photos/737088325/medium.jpg","CC-BY-NC","Clapboard Island Preserve","buffer",NA,NA
"Rosa rugosa","rugosa rose","Plantae","Plants",2026-09-18,"SR-3, Mount Desert, ME, US",44.29578,-68.2399216667,109,"katie17welch",5198365,"false","https://www.inaturalist.org/observations/401864677","https://inaturalist-open-data.s3.amazonaws.com/photos/737647373/medium.jpg","CC-BY-NC","Cooksey Drive Overlook","buffer",NA,NA
"Solanum dulcamara","bittersweet nightshade","Plantae","Plants",2026-09-17,"Frazer Point Rd, Bar Harbor, ME, US",44.3747248527,-68.073475893,4037,"bfladmin",6415222,"false","https://www.inaturalist.org/observations/400962623","https://inaturalist-open-data.s3.amazonaws.com/photos/735884915/medium.jpg","CC-BY-NC","Flat Island","buffer",NA,NA
"Solanum dulcamara","bittersweet nightshade","Plantae","Plants",2026-09-17,"Frazer Point Rd, Bar Harbor, ME, US",44.3747248527,-68.073475893,4037,"bfladmin",6415222,"false","https://www.inaturalist.org/observations/400962623","https://inaturalist-open-data.s3.amazonaws.com/photos/735884915/medium.jpg","CC-BY-NC","Schoodic Woods East","buffer",NA,NA
"Solanum dulcamara","bittersweet nightshade","Plantae","Plants",2026-09-17,"Frazer Point Rd, Bar Harbor, ME, US",44.3747248527,-68.073475893,4037,"bfladmin",6415222,"false","https://www.inaturalist.org/observations/400962623","https://inaturalist-open-data.s3.amazonaws.com/photos/735884915/medium.jpg","CC-BY-NC","Ned Island","buffer",NA,NA
"Solanum dulcamara","bittersweet nightshade","Plantae","Plants",2026-09-17,"Frazer Point Rd, Bar Harbor, ME, US",44.3747248527,-68.073475893,4037,"bfladmin",6415222,"false","https://www.inaturalist.org/observations/400962623","https://inaturalist-open-data.s3.amazonaws.com/photos/735884915/medium.jpg","CC-BY-NC","Schoodic Forest","buffer",NA,NA
"Cirsium arvense","creeping thistle","Plantae","Plants",2026-09-17,"Washington County, US-ME, US",44.8150405884,-66.9504089355,11,"rverble",1233826,"false","https://www.inaturalist.org/observations/401026284","https://static.inaturalist.org/photos/738248301/medium.jpg","","Hamilton Cove Preserve","buffer",NA,NA
"Rosa rugosa","rugosa rose","Plantae","Plants",2026-09-17,"Mount Desert Island, Southwest Harbor, ME, US",44.2219916667,-68.3373283333,7,"thespacegirl",8165930,"false","https://www.inaturalist.org/observations/401052632","https://inaturalist-open-data.s3.amazonaws.com/photos/736059639/medium.jpg","CC-BY-NC","Bass Harbor Marsh","buffer",NA,NA
"Rosa rugosa","rugosa rose","Plantae","Plants",2026-09-17,"Mount Desert Island, Southwest Harbor, ME, US",44.2219916667,-68.3373283333,7,"thespacegirl",8165930,"false","https://www.inaturalist.org/observations/401052632","https://inaturalist-open-data.s3.amazonaws.com/photos/736059639/medium.jpg","CC-BY-NC","Trap Mill Woods Preserve","buffer",NA,NA
"Rosa rugosa","rugosa rose","Plantae","Plants",2026-09-17,"Mount Desert Island, Southwest Harbor, ME, US",44.2219916667,-68.3373283333,7,"thespacegirl",8165930,"false","https://www.inaturalist.org/observations/401052632","https://inaturalist-open-data.s3.amazonaws.com/photos/736059639/medium.jpg","CC-BY-NC","Mitchell Marsh Preserve","buffer",NA,NA
"Rosa rugosa","rugosa rose","Plantae","Plants",2026-09-17,"Mount Desert Island, Southwest Harbor, ME, US",44.2219916667,-68.3373283333,7,"thespacegirl",8165930,"false","https://www.inaturalist.org/observations/401052632","https://inaturalist-open-data.s3.amazonaws.com/photos/736059639/medium.jpg","CC-BY-NC","Bass Harbor Fields Preserve","buffer",NA,NA
"Rosa rugosa","rugosa rose","Plantae","Plants",2026-09-17,"Mount Desert Island, Southwest Harbor, ME, US",44.2219916667,-68.3373283333,7,"thespacegirl",8165930,"false","https://www.inaturalist.org/observations/401052632","https://inaturalist-open-data.s3.amazonaws.com/photos/736059639/medium.jpg","CC-BY-NC","Kelley Farm Preserve","buffer",NA,NA
"Rosa rugosa","rugosa rose","Plantae","Plants",2026-09-17,"Mount Desert Island, Southwest Harbor, ME, US",44.2219916667,-68.3373283333,7,"thespacegirl",8165930,"false","https://www.inaturalist.org/observations/401052632","https://inaturalist-open-data.s3.amazonaws.com/photos/736059639/medium.jpg","CC-BY-NC","Great Gott Preserve","buffer",NA,NA
"Rosa rugosa","rugosa rose","Plantae","Plants",2026-09-17,"Mount Desert Island, Southwest Harbor, ME, US",44.2219916667,-68.3373283333,7,"thespacegirl",8165930,"false","https://www.inaturalist.org/observations/401052632","https://inaturalist-open-data.s3.amazonaws.com/photos/736059639/medium.jpg","CC-BY-NC","Great Gott Preserve","buffer",NA,NA
"Rosa rugosa","rugosa rose","Plantae","Plants",2026-09-17,"Frazer Point Rd, Bar Harbor, ME, US",44.3750696958,-68.0739473901,3620,"bfladmin",6415222,"false","https://www.inaturalist.org/observations/400962371","https://inaturalist-open-data.s3.amazonaws.com/photos/735884514/medium.jpg","CC-BY-NC","Flat Island","buffer",NA,NA
"Rosa rugosa","rugosa rose","Plantae","Plants",2026-09-17,"Frazer Point Rd, Bar Harbor, ME, US",44.3750696958,-68.0739473901,3620,"bfladmin",6415222,"false","https://www.inaturalist.org/observations/400962371","https://inaturalist-open-data.s3.amazonaws.com/photos/735884514/medium.jpg","CC-BY-NC","Schoodic Woods East","buffer",NA,NA
"Rosa rugosa","rugosa rose","Plantae","Plants",2026-09-17,"Frazer Point Rd, Bar Harbor, ME, US",44.3750696958,-68.0739473901,3620,"bfladmin",6415222,"false","https://www.inaturalist.org/observations/400962371","https://inaturalist-open-data.s3.amazonaws.com/photos/735884514/medium.jpg","CC-BY-NC","Ned Island","buffer",NA,NA
"Rosa rugosa","rugosa rose","Plantae","Plants",2026-09-17,"Frazer Point Rd, Bar Harbor, ME, US",44.3750696958,-68.0739473901,3620,"bfladmin",6415222,"false","https://www.inaturalist.org/observations/400962371","https://inaturalist-open-data.s3.amazonaws.com/photos/735884514/medium.jpg","CC-BY-NC","Schoodic Forest","buffer",NA,NA
"Solanum dulcamara","bittersweet nightshade","Plantae","Plants",2026-09-16,"Bar Harbor, ME, US",44.3402273065,-68.0676884098,32,"steven_gibson",11035390,"false","https://www.inaturalist.org/observations/400937858","https://inaturalist-open-data.s3.amazonaws.com/photos/735837685/medium.jpg","CC-BY-NC","Ned Island","buffer",NA,NA
"Rosa rugosa","rugosa rose","Plantae","Plants",2026-09-16,"Cape Rd, Seal Cove, ME, US",44.2832758466,-68.4097758781,6,"mason39282",9670419,"false","https://www.inaturalist.org/observations/400756150","https://inaturalist-open-data.s3.amazonaws.com/photos/735467023/medium.jpg","CC-BY-NC","Heath Mill Landing","buffer",NA,NA
"Rosa rugosa","rugosa rose","Plantae","Plants",2026-09-16,"Bar Harbor",44.3762969971,-68.0749282837,5,"noodleanddoodle",1638035,"false","https://www.inaturalist.org/observations/400744993","https://inaturalist-open-data.s3.amazonaws.com/photos/735460664/medium.jpg","CC-BY-NC","Flat Island","buffer",NA,NA
"Rosa rugosa","rugosa rose","Plantae","Plants",2026-09-16,"Bar Harbor",44.3762969971,-68.0749282837,5,"noodleanddoodle",1638035,"false","https://www.inaturalist.org/observations/400744993","https://inaturalist-open-data.s3.amazonaws.com/photos/735460664/medium.jpg","CC-BY-NC","Schoodic Woods East","buffer",NA,NA
"Rosa rugosa","rugosa rose","Plantae","Plants",2026-09-16,"Bar Harbor",44.3762969971,-68.0749282837,5,"noodleanddoodle",1638035,"false","https://www.inaturalist.org/observations/400744993","https://inaturalist-open-data.s3.amazonaws.com/photos/735460664/medium.jpg","CC-BY-NC","Ned Island","buffer",NA,NA
"Rosa rugosa","rugosa rose","Plantae","Plants",2026-09-16,"Bar Harbor",44.3762969971,-68.0749282837,5,"noodleanddoodle",1638035,"false","https://www.inaturalist.org/observations/400744993","https://inaturalist-open-data.s3.amazonaws.com/photos/735460664/medium.jpg","CC-BY-NC","Schoodic Forest","buffer",NA,NA
"Rosa multiflora","multiflora rose","Plantae","Plants",2026-09-15,"West St, Rockport, ME, US",44.1838435915,-69.0924275696,2,"kristina_tee",8137867,"false","https://www.inaturalist.org/observations/401876822","https://static.inaturalist.org/photos/737671451/medium.jpg","","Erickson Fields Preserve","preserve",NA,NA
"Solanum dulcamara","bittersweet nightshade","Plantae","Plants",2026-09-14,"Pemaquid, Bristol, ME, USA",43.9314797,-69.4733742,6022,"tarrington",3711915,"false","https://www.inaturalist.org/observations/401996368","https://inaturalist-open-data.s3.amazonaws.com/photos/737905123/medium.jpg","CC-BY-NC","Elizabeth Noyce Preserve","buffer",NA,NA
