"scientific.name","common.name","observed.on","location","latitude","longitude","url","preserve","polygonloc"
"Cypripedium acaule","pink lady's slipper",2026-09-20,"Bar Harbor, ME 04609, USA",44.4172342,-68.3001519,"https://www.inaturalist.org/observations/401892873","Stone Barn Farm","preserve"
"Passerculus sandwichensis","savannah sparrow",2026-09-20,"Erikson Fields Preserve (MCHT)",44.1861201,-69.091745,"https://ebird.org/checklist/S394577590","Erickson Fields Preserve","preserve"
"Uvularia sessilifolia","sessile bellwort",2026-09-20,"Bar Harbor, ME 04609, USA",44.4165338997,-68.3057395,"https://www.inaturalist.org/observations/401904018","Stone Barn Farm","preserve"
"Cypripedium acaule","pink lady's slipper",2026-09-19,"Maine, US",44.4470679053,-68.0144251662,"https://www.inaturalist.org/observations/401658307","Forbes Pond Preserve","buffer"
"Cypripedium acaule","pink lady's slipper",2026-09-19,"Maine, US",44.4470679053,-68.0144251662,"https://www.inaturalist.org/observations/401658307","Forbes Pond Preserve","buffer"
"Cypripedium acaule","pink lady's slipper",2026-09-19,"Maine, US",44.4470679053,-68.0144251662,"https://www.inaturalist.org/observations/401658307","Forbes Pond Preserve","buffer"
"Cypripedium acaule","pink lady's slipper",2026-09-19,"Maine, US",44.4470679053,-68.0144251662,"https://www.inaturalist.org/observations/401658307","Forbes Pond Preserve","buffer"
"Cypripedium acaule","pink lady's slipper",2026-09-19,"Maine, US",44.4470679053,-68.0144251662,"https://www.inaturalist.org/observations/401658307","Forbes Pond Preserve","buffer"
"Cypripedium acaule","pink lady's slipper",2026-09-19,"Maine, US",44.4470679053,-68.0144251662,"https://www.inaturalist.org/observations/401658307","Forbes Pond Preserve","buffer"
"Hieracium scabrum","rough hawkweed",2026-09-19,"Mt Desert, ME 04660, USA",44.3771585,-68.3056282,"https://www.inaturalist.org/observations/401596501","Kittredge Brook Forest Preserve","preserve"
"Medeola virginiana","cucumber root",2026-09-18,"La Verna Trail, Round Pond, ME, US",43.9027193885,-69.4727925078,"https://www.inaturalist.org/observations/401360692","Elizabeth Noyce Preserve","buffer"
"Epilobium ciliatum","fringed willowherb",2026-09-18,"Roque Bluffs, ME 04654, USA",44.5983230964,-67.4601424247,"https://www.inaturalist.org/observations/401662028","Hickey Island","buffer"
"Symplocarpus foetidus","eastern skunk cabbage",2026-09-17,"Seal Cove, ME, US",44.2960788765,-68.5357981093,"https://www.inaturalist.org/observations/401006220","Harriman Point Preserve","preserve"
"Euthamia graminifolia","flat-topped goldenrod",2026-09-17,"Frazer Point Rd, Bar Harbor, ME, US",44.3749254445,-68.0715104073,"https://www.inaturalist.org/observations/400954294","Flat Island","buffer"
"Euthamia graminifolia","flat-topped goldenrod",2026-09-17,"Frazer Point Rd, Bar Harbor, ME, US",44.3749254445,-68.0715104073,"https://www.inaturalist.org/observations/400954294","Schoodic Woods East","buffer"
"Euthamia graminifolia","flat-topped goldenrod",2026-09-17,"Frazer Point Rd, Bar Harbor, ME, US",44.3749254445,-68.0715104073,"https://www.inaturalist.org/observations/400954294","Ned Island","buffer"
"Euthamia graminifolia","flat-topped goldenrod",2026-09-17,"Frazer Point Rd, Bar Harbor, ME, US",44.3749254445,-68.0715104073,"https://www.inaturalist.org/observations/400954294","Schoodic Forest","buffer"
"Spiraea alba","white meadowsweet",2026-09-17,"Frazer Point Rd, Bar Harbor, ME, US",44.3747366363,-68.0761013965,"https://www.inaturalist.org/observations/400969896","Flat Island","buffer"
"Spiraea alba","white meadowsweet",2026-09-17,"Frazer Point Rd, Bar Harbor, ME, US",44.3747366363,-68.0761013965,"https://www.inaturalist.org/observations/400969896","Schoodic Woods East","buffer"
"Spiraea alba","white meadowsweet",2026-09-17,"Frazer Point Rd, Bar Harbor, ME, US",44.3747366363,-68.0761013965,"https://www.inaturalist.org/observations/400969896","Ned Island","buffer"
"Spiraea alba","white meadowsweet",2026-09-17,"Frazer Point Rd, Bar Harbor, ME, US",44.3747366363,-68.0761013965,"https://www.inaturalist.org/observations/400969896","Schoodic Forest","buffer"
"Spiraea alba","white meadowsweet",2026-09-17,"Frazer Point Rd, Bar Harbor, ME, US",44.3747366363,-68.0761013965,"https://www.inaturalist.org/observations/400966680","Flat Island","buffer"
"Spiraea alba","white meadowsweet",2026-09-17,"Frazer Point Rd, Bar Harbor, ME, US",44.3747366363,-68.0761013965,"https://www.inaturalist.org/observations/400966680","Schoodic Woods East","buffer"
"Spiraea alba","white meadowsweet",2026-09-17,"Frazer Point Rd, Bar Harbor, ME, US",44.3747366363,-68.0761013965,"https://www.inaturalist.org/observations/400966680","Ned Island","buffer"
"Spiraea alba","white meadowsweet",2026-09-17,"Frazer Point Rd, Bar Harbor, ME, US",44.3747366363,-68.0761013965,"https://www.inaturalist.org/observations/400966680","Schoodic Forest","buffer"
"Spiraea alba","white meadowsweet",2026-09-17,"Frazer Point Rd, Bar Harbor, ME, US",44.3743560103,-68.0737188603,"https://www.inaturalist.org/observations/400958489","Flat Island","buffer"
"Spiraea alba","white meadowsweet",2026-09-17,"Frazer Point Rd, Bar Harbor, ME, US",44.3743560103,-68.0737188603,"https://www.inaturalist.org/observations/400958489","Schoodic Woods East","buffer"
"Spiraea alba","white meadowsweet",2026-09-17,"Frazer Point Rd, Bar Harbor, ME, US",44.3743560103,-68.0737188603,"https://www.inaturalist.org/observations/400958489","Ned Island","buffer"
"Spiraea alba","white meadowsweet",2026-09-17,"Frazer Point Rd, Bar Harbor, ME, US",44.3743560103,-68.0737188603,"https://www.inaturalist.org/observations/400958489","Schoodic Forest","buffer"
"Anas rubripes","american black duck",2026-09-16,"Mount Desert, ME, US",44.2912859322,-68.2668371428,"https://www.inaturalist.org/observations/400806685","Cooksey Drive Overlook","buffer"
"Anas rubripes","american black duck",2026-09-16,"Mount Desert, ME, US",44.2912859322,-68.2668371428,"https://www.inaturalist.org/observations/400806685","Norumbega Mountain Preserve","buffer"
"Dolichonyx oryzivorus","bobolink",2026-09-16,"Kelley Farm Preserve",44.247834,-68.357622,"https://ebird.org/checklist/S393416418","Kelley Farm Preserve","preserve"
"Polygonatum pubescens","hairy solomon's-seal",2026-09-16,"Frankfort, ME, USA",44.5921330997,-68.8805069997,"https://www.inaturalist.org/observations/401522362","Mount Waldo","buffer"
"Polygonatum pubescens","hairy solomon's-seal",2026-09-16,"Frankfort, ME, USA",44.5921330997,-68.8805069997,"https://www.inaturalist.org/observations/401522362","Mount Waldo","buffer"
"Polygonatum pubescens","hairy solomon's-seal",2026-09-16,"Frankfort, ME, USA",44.5921330997,-68.8805069997,"https://www.inaturalist.org/observations/401522362","Mount Waldo","buffer"
"Danaus plexippus","monarch",2026-09-16,"Cochrane Point, Acadia National Park, Hancock County, US-ME, US",44.3206527778,-68.2535333333,"https://www.inaturalist.org/observations/400830288","Norumbega Mountain Preserve","buffer"
"Danaus plexippus","monarch",2026-09-16,"Harpswell Rd, Brunswick, ME, US",43.862360931,-69.9431387586,"https://www.inaturalist.org/observations/400769858","Woodward Point Preserve","buffer"
"Danaus plexippus","monarch",2026-09-16,"Harpswell Rd, Brunswick, ME, US",43.862361165,-69.9431405341,"https://www.inaturalist.org/observations/400769721","Woodward Point Preserve","buffer"
"Monotropa hypopitys","pinesap",2026-09-16,"Deer Isle, ME 04627, USA",44.204858006,-68.6268812511,"https://www.inaturalist.org/observations/400754012","Big Bear Island","buffer"
"Pinus resinosa","red pine",2026-09-16,"Parque nacional Acadia, Bar Harbor, ME, US",44.3384333333,-68.0669333333,"https://www.inaturalist.org/observations/400934439","Ned Island","buffer"
"Passerculus sandwichensis","savannah sparrow",2026-09-16,"Kelley Farm Preserve",44.247834,-68.357622,"https://ebird.org/checklist/S393416418","Kelley Farm Preserve","preserve"
"Passerculus sandwichensis","savannah sparrow",2026-09-16,"Kelly Farm, MCHT Preserve, Bernard",44.2479043,-68.3563328,"https://ebird.org/checklist/S393355300","Kelley Farm Preserve","preserve"
"Lysimachia maritima","sea milkwort",2026-09-16,"Acadia National Park, Hancock County, US-ME, US",44.3407698892,-68.0660401536,"https://www.inaturalist.org/observations/400819881","Ned Island","buffer"
"Uvularia sessilifolia","sessile bellwort",2026-09-16,"Frankfort, ME, USA",44.5837878997,-68.889239,"https://www.inaturalist.org/observations/401524057","Mount Waldo","buffer"
"Uvularia sessilifolia","sessile bellwort",2026-09-16,"Frankfort, ME, USA",44.5837878997,-68.889239,"https://www.inaturalist.org/observations/401524057","Mount Waldo","buffer"
"Uvularia sessilifolia","sessile bellwort",2026-09-16,"Frankfort, ME, USA",44.5837878997,-68.889239,"https://www.inaturalist.org/observations/401524057","Mount Waldo","buffer"
"Rubus hispidus","swamp dewberry",2026-09-16,"Acadia National Park, Hancock County, US-ME, US",44.3405269854,-68.0615534232,"https://www.inaturalist.org/observations/400940784","Ned Island","buffer"
"Cypripedium acaule","pink lady's slipper",2026-09-14,"Pemaquid, Bristol, ME, USA",43.9314797,-69.4733742,"https://www.inaturalist.org/observations/402000672","Elizabeth Noyce Preserve","buffer"
